age_days,cpu_utilization,network_in,network_out,disk_read,disk_write,is_stopped,has_tags,action
5,45.2,50000,32000,1200,800,0,1,keep
10,62.1,80000,45000,2500,1800,0,1,keep
15,38.5,42000,28000,900,600,0,1,keep
30,22.0,15000,8000,400,200,0,1,keep
45,8.3,5000,2000,100,50,0,0,review
60,3.1,1000,500,20,10,0,0,review
75,1.5,200,100,5,2,0,0,review
90,0.8,50,20,0,0,1,0,delete
120,0.0,0,0,0,0,1,0,delete
180,0.0,0,0,0,0,1,0,delete
365,0.0,0,0,0,0,1,0,delete
7,55.0,60000,40000,1500,1000,0,1,keep
20,40.2,35000,22000,800,500,0,1,keep
35,15.0,10000,6000,300,150,0,0,review
50,5.5,3000,1500,80,30,0,0,review
80,2.0,500,200,10,5,0,0,review
100,0.5,100,50,0,0,1,0,delete
150,0.0,0,0,0,0,1,0,delete
200,0.0,0,0,0,0,1,0,delete
3,70.5,90000,55000,3000,2200,0,1,keep
12,48.0,55000,35000,1300,900,0,1,keep
25,30.5,25000,15000,600,350,0,1,keep
40,12.0,8000,4000,200,100,0,0,review
55,4.2,2000,900,60,25,0,0,review
70,1.8,400,180,8,3,0,0,review
95,0.3,30,10,0,0,1,0,delete
130,0.0,0,0,0,0,1,0,delete
250,0.0,0,0,0,0,1,0,delete
8,58.3,65000,42000,1600,1100,0,1,keep
18,42.0,38000,24000,850,550,0,1,keep
28,25.0,20000,12000,500,280,0,1,keep
42,10.5,7000,3500,180,90,0,0,review
65,3.8,1500,700,40,15,0,0,review
85,1.2,300,150,6,2,0,0,delete
110,0.0,0,0,0,0,1,0,delete
160,0.0,0,0,0,0,1,0,delete
2,75.0,95000,60000,3200,2400,0,1,keep
14,50.5,58000,37000,1400,950,0,1,keep
22,35.0,30000,18000,700,400,0,1,keep
38,18.0,12000,7000,350,180,0,0,review
52,6.0,2500,1100,70,28,0,0,review
72,2.5,600,250,12,4,0,0,review
105,0.2,20,8,0,0,1,0,delete
140,0.0,0,0,0,0,1,0,delete
300,0.0,0,0,0,0,1,0,delete
